Refactoring_id,Commit,Type
1,000102c55f88d2a0c7adb6d1ed4235fc0e2c0dd1,"Change Variable Type"
2,000102c55f88d2a0c7adb6d1ed4235fc0e2c0dd1,"Rename Variable"
3,005c4cad382adb4202ea5dc27867fff7f5f51e08,"Change Attribute Type"
4,005c4cad382adb4202ea5dc27867fff7f5f51e08,"Change Parameter Type"
5,005c4cad382adb4202ea5dc27867fff7f5f51e08,"Rename Attribute"
6,005c4cad382adb4202ea5dc27867fff7f5f51e08,"Rename Parameter"
7,00c8ce9c3cdf89d95f774ec0c6a531ba02aa416c,"Change Attribute Type"
8,00c8ce9c3cdf89d95f774ec0c6a531ba02aa416c,"Change Parameter Type"
9,00c8ce9c3cdf89d95f774ec0c6a531ba02aa416c,"Change Return Type"
10,00c8ce9c3cdf89d95f774ec0c6a531ba02aa416c,"Change Variable Type"
11,00c8ce9c3cdf89d95f774ec0c6a531ba02aa416c,"Rename Attribute"
12,00c8ce9c3cdf89d95f774ec0c6a531ba02aa416c,"Rename Method"
13,00c8ce9c3cdf89d95f774ec0c6a531ba02aa416c,"Rename Parameter"
14,00c8ce9c3cdf89d95f774ec0c6a531ba02aa416c,"Rename Variable"
15,01021516fcd1d343d9b8815ba8e45231ca4afa2a,"Change Attribute Type"
16,01021516fcd1d343d9b8815ba8e45231ca4afa2a,"Change Parameter Type"
17,01021516fcd1d343d9b8815ba8e45231ca4afa2a,"Change Return Type"
18,01021516fcd1d343d9b8815ba8e45231ca4afa2a,"Rename Attribute"
19,01021516fcd1d343d9b8815ba8e45231ca4afa2a,"Rename Method"
20,016665567a4945a45e16c6ec02a83cff89caaeb6,"Change Variable Type"
21,016665567a4945a45e16c6ec02a83cff89caaeb6,"Rename Variable"
22,01f6f16f68a1d78d0e83cd4f413294c97a46571e,"Change Attribute Type"
23,01f6f16f68a1d78d0e83cd4f413294c97a46571e,"Change Parameter Type"
24,01f6f16f68a1d78d0e83cd4f413294c97a46571e,"Change Variable Type"
25,01f6f16f68a1d78d0e83cd4f413294c97a46571e,"Rename Parameter"
26,032e0cbdb4f6c61b438de6d071cc057e246c5c50,"Change Variable Type"
27,032e0cbdb4f6c61b438de6d071cc057e246c5c50,"Rename Variable"
28,03378165b824fa6ea510d8691834ffb89d5c8634,"Change Attribute Type"
29,03378165b824fa6ea510d8691834ffb89d5c8634,"Change Return Type"
30,03378165b824fa6ea510d8691834ffb89d5c8634,"Change Variable Type"
31,03378165b824fa6ea510d8691834ffb89d5c8634,"Move Class"
32,03378165b824fa6ea510d8691834ffb89d5c8634,"Rename Method"
33,034c9874422e29897f0f532ff71e6b7058e43fc6,"Rename Variable"
34,03d5b15e052f340430a9a9ef6f27b4339632a699,"Rename Attribute"
35,041761463d9cace31edb38919d19036f4c228ba9,"Change Attribute Type"
36,041761463d9cace31edb38919d19036f4c228ba9,"Change Parameter Type"
37,041761463d9cace31edb38919d19036f4c228ba9,"Change Variable Type"
38,041761463d9cace31edb38919d19036f4c228ba9,"Move Class"
39,041761463d9cace31edb38919d19036f4c228ba9,"Rename Method"
40,041761463d9cace31edb38919d19036f4c228ba9,"Rename Parameter"
41,041761463d9cace31edb38919d19036f4c228ba9,"Rename Variable"
42,041c01b3830212203f8d575fa49fd6312f420b58,"Rename Attribute"
43,043282f0e63752db1a3f52803ba02941947eb28c,"Change Attribute Type"
44,043282f0e63752db1a3f52803ba02941947eb28c,"Change Parameter Type"
45,0446a989245c7e079522d3fa21b6109371efda56,"Change Variable Type"
46,0446a989245c7e079522d3fa21b6109371efda56,"Rename Variable"
47,0447fd3ddb150141e93f27e70d659b9e55b52d0f,"Change Variable Type"
48,0447fd3ddb150141e93f27e70d659b9e55b52d0f,"Rename Variable"
49,04594b97a9e61931d3af6847b8f8335f0f91c460,"Change Attribute Type"
50,04594b97a9e61931d3af6847b8f8335f0f91c460,"Change Parameter Type"
51,04594b97a9e61931d3af6847b8f8335f0f91c460,"Change Return Type"
52,04594b97a9e61931d3af6847b8f8335f0f91c460,"Change Variable Type"
53,04594b97a9e61931d3af6847b8f8335f0f91c460,"Rename Attribute"
54,04594b97a9e61931d3af6847b8f8335f0f91c460,"Rename Class"
55,04594b97a9e61931d3af6847b8f8335f0f91c460,"Rename Method"
56,04594b97a9e61931d3af6847b8f8335f0f91c460,"Rename Parameter"
57,04594b97a9e61931d3af6847b8f8335f0f91c460,"Rename Variable"
58,0571c3499d1d8982d6fc64463242d4d70575216b,"Change Return Type"
59,05d6f2e1b93c8d3b3965d3e80abeec8e0aa67402,"Change Return Type"
60,05d6f2e1b93c8d3b3965d3e80abeec8e0aa67402,"Change Variable Type"
61,05d6f2e1b93c8d3b3965d3e80abeec8e0aa67402,"Rename Attribute"
62,05d6f2e1b93c8d3b3965d3e80abeec8e0aa67402,"Rename Method"
63,05d6f2e1b93c8d3b3965d3e80abeec8e0aa67402,"Rename Variable"
64,05f4a9ba42c0b98e56a8ae70bb54890a60cdc3bb,"Change Attribute Type"
65,05f4a9ba42c0b98e56a8ae70bb54890a60cdc3bb,"Move Class"
66,05f4a9ba42c0b98e56a8ae70bb54890a60cdc3bb,"Rename Method"
67,05f4a9ba42c0b98e56a8ae70bb54890a60cdc3bb,"Rename Variable"
68,0657c2204ddb4013b69be75b5fa9a512d522ca42,"Change Return Type"
69,0657c2204ddb4013b69be75b5fa9a512d522ca42,"Change Variable Type"
70,0657c2204ddb4013b69be75b5fa9a512d522ca42,"Rename Method"
71,0657c2204ddb4013b69be75b5fa9a512d522ca42,"Rename Parameter"
72,0657c2204ddb4013b69be75b5fa9a512d522ca42,"Rename Variable"
73,067d3e0323a24f2983b6628d33dc8513da874bfe,"Change Attribute Type"
74,067d3e0323a24f2983b6628d33dc8513da874bfe,"Change Parameter Type"
75,067d3e0323a24f2983b6628d33dc8513da874bfe,"Change Return Type"
76,067d3e0323a24f2983b6628d33dc8513da874bfe,"Change Variable Type"
77,067d3e0323a24f2983b6628d33dc8513da874bfe,"Rename Attribute"
78,067d3e0323a24f2983b6628d33dc8513da874bfe,"Rename Method"
79,067d3e0323a24f2983b6628d33dc8513da874bfe,"Rename Parameter"
80,067d3e0323a24f2983b6628d33dc8513da874bfe,"Rename Variable"
81,06d6fd2982b61f3061f15d1e9d0f71fb51799a3c,"Change Attribute Type"
82,07292f0e8bc2f2bfd5ca19678c056068324782f2,"Rename Attribute"
83,07292f0e8bc2f2bfd5ca19678c056068324782f2,"Rename Method"
84,07292f0e8bc2f2bfd5ca19678c056068324782f2,"Rename Parameter"
85,07292f0e8bc2f2bfd5ca19678c056068324782f2,"Rename Variable"
86,0733a49e068389bc801fd9f59217d9d8025b09ad,"Change Return Type"
87,0733a49e068389bc801fd9f59217d9d8025b09ad,"Rename Variable"
88,077f46190e6bae820dc1e08ddc3ca5ed1c531cae,"Rename Attribute"
89,077f46190e6bae820dc1e08ddc3ca5ed1c531cae,"Rename Parameter"
90,077f46190e6bae820dc1e08ddc3ca5ed1c531cae,"Rename Variable"
91,07bf7c7d8888625a9fb07557fb38fb60e3a92dd4,"Change Attribute Type"
92,07bf7c7d8888625a9fb07557fb38fb60e3a92dd4,"Change Parameter Type"
93,07bf7c7d8888625a9fb07557fb38fb60e3a92dd4,"Rename Class"
94,07bf7c7d8888625a9fb07557fb38fb60e3a92dd4,"Rename Variable"
95,08bd834cd34186febea262bb9759fb4874f7f740,"Change Parameter Type"
96,08bd834cd34186febea262bb9759fb4874f7f740,"Change Return Type"
97,08bd834cd34186febea262bb9759fb4874f7f740,"Rename Parameter"
98,08f45c47d1f2e8f168ab1488caa4bf4831832b74,"Change Attribute Type"
99,08f45c47d1f2e8f168ab1488caa4bf4831832b74,"Rename Attribute"
100,092e258d4a324d33a2121a819446e14573ddcbaa,"Rename Parameter"
101,09c6bc3e01774dbfcc2ad1f63c943f9782c1fdb4,"Change Attribute Type"
102,09c6bc3e01774dbfcc2ad1f63c943f9782c1fdb4,"Change Parameter Type"
103,0a0d92baab6d414d52e47451b5fa823cdb27b7f1,"Change Attribute Type"
104,0a0d92baab6d414d52e47451b5fa823cdb27b7f1,"Change Parameter Type"
105,0a0d92baab6d414d52e47451b5fa823cdb27b7f1,"Change Return Type"
106,0a0d92baab6d414d52e47451b5fa823cdb27b7f1,"Change Variable Type"
107,0a0d92baab6d414d52e47451b5fa823cdb27b7f1,"Move Class"
108,0a0d92baab6d414d52e47451b5fa823cdb27b7f1,"Rename Method"
109,0a0d92baab6d414d52e47451b5fa823cdb27b7f1,"Rename Variable"
110,0a1a194d1d772cf66b03c3fc85a8a2449f82cb10,"Change Attribute Type"
111,0a1a194d1d772cf66b03c3fc85a8a2449f82cb10,"Change Parameter Type"
112,0a1a194d1d772cf66b03c3fc85a8a2449f82cb10,"Change Return Type"
113,0a1a194d1d772cf66b03c3fc85a8a2449f82cb10,"Change Variable Type"
114,0a1a194d1d772cf66b03c3fc85a8a2449f82cb10,"Rename Variable"
115,0a8566e62c049b6970b1fc708651e4d63b60b2d2,"Change Attribute Type"
116,0a8566e62c049b6970b1fc708651e4d63b60b2d2,"Change Parameter Type"
117,0b6cbe66640a89a115117c29d9542485ba1c9b41,"Change Variable Type"
118,0beeaa0b03192d3e164d58902f69e4910b53e654,"Change Attribute Type"
119,0beeaa0b03192d3e164d58902f69e4910b53e654,"Change Parameter Type"
120,0beeaa0b03192d3e164d58902f69e4910b53e654,"Change Return Type"
121,0beeaa0b03192d3e164d58902f69e4910b53e654,"Change Variable Type"
122,0beeaa0b03192d3e164d58902f69e4910b53e654,"Move Class"
123,0beeaa0b03192d3e164d58902f69e4910b53e654,"Rename Attribute"
124,0beeaa0b03192d3e164d58902f69e4910b53e654,"Rename Class"
125,0beeaa0b03192d3e164d58902f69e4910b53e654,"Rename Method"
126,0beeaa0b03192d3e164d58902f69e4910b53e654,"Rename Parameter"
127,0beeaa0b03192d3e164d58902f69e4910b53e654,"Rename Variable"
128,0c06c65e3dcaafd846c310f634a0e015c9f5f847,"Change Attribute Type"
129,0c06c65e3dcaafd846c310f634a0e015c9f5f847,"Change Parameter Type"
130,0c06c65e3dcaafd846c310f634a0e015c9f5f847,"Change Return Type"
131,0c06c65e3dcaafd846c310f634a0e015c9f5f847,"Change Variable Type"
132,0c06c65e3dcaafd846c310f634a0e015c9f5f847,"Rename Attribute"
133,0c06c65e3dcaafd846c310f634a0e015c9f5f847,"Rename Parameter"
134,0c06c65e3dcaafd846c310f634a0e015c9f5f847,"Rename Variable"
135,0c1dd8919b408a1d5b4d41f78d8b9d276e662d02,"Move Class"
136,0c1dd8919b408a1d5b4d41f78d8b9d276e662d02,"Rename Class"
137,0c1dd8919b408a1d5b4d41f78d8b9d276e662d02,"Rename Parameter"
138,0cc7700c8891701791f5bdd50b799f93b6a06f97,"Change Parameter Type"
139,0cc7700c8891701791f5bdd50b799f93b6a06f97,"Rename Method"
140,0cc7700c8891701791f5bdd50b799f93b6a06f97,"Rename Parameter"
141,0cf29aef20e072c1d264c5b4b79da37a06d19433,"Rename Attribute"
142,0d3aec1fa33ff211b2a59afd08f45954a94e4f8d,"Change Attribute Type"
143,0d3aec1fa33ff211b2a59afd08f45954a94e4f8d,"Change Parameter Type"
144,0d3aec1fa33ff211b2a59afd08f45954a94e4f8d,"Change Return Type"
145,0d3aec1fa33ff211b2a59afd08f45954a94e4f8d,"Rename Method"
146,0d3aec1fa33ff211b2a59afd08f45954a94e4f8d,"Rename Parameter"
147,0d3aec1fa33ff211b2a59afd08f45954a94e4f8d,"Rename Variable"
148,0d3f20aef7728788203657f67475e2656ea5764d,"Change Variable Type"
149,0d3f20aef7728788203657f67475e2656ea5764d,"Rename Variable"
150,0d77928e81c0add00277e7fb41644d016dd5701f,"Change Attribute Type"
151,0d94a8123a35f0224a7eac961768285a7ecfdc85,"Change Parameter Type"
152,0d94a8123a35f0224a7eac961768285a7ecfdc85,"Change Return Type"
153,0d94a8123a35f0224a7eac961768285a7ecfdc85,"Change Variable Type"
154,0d94a8123a35f0224a7eac961768285a7ecfdc85,"Rename Method"
155,0d94a8123a35f0224a7eac961768285a7ecfdc85,"Rename Parameter"
156,0d94a8123a35f0224a7eac961768285a7ecfdc85,"Rename Variable"
157,0e18708efad41369fb2a939f9202cc04e7e6a7a9,"Change Attribute Type"
158,0e18708efad41369fb2a939f9202cc04e7e6a7a9,"Change Parameter Type"
159,0e18708efad41369fb2a939f9202cc04e7e6a7a9,"Change Variable Type"
160,0e18708efad41369fb2a939f9202cc04e7e6a7a9,"Move Class"
161,0e18708efad41369fb2a939f9202cc04e7e6a7a9,"Rename Variable"
162,0e4451c9bd470eecc4ce53252ccf333c495d5c20,"Change Return Type"
163,0e4451c9bd470eecc4ce53252ccf333c495d5c20,"Change Variable Type"
164,0e4451c9bd470eecc4ce53252ccf333c495d5c20,"Move Class"
165,0e4451c9bd470eecc4ce53252ccf333c495d5c20,"Rename Attribute"
166,0e4451c9bd470eecc4ce53252ccf333c495d5c20,"Rename Method"
167,0e4451c9bd470eecc4ce53252ccf333c495d5c20,"Rename Variable"
168,0e5647f1a4d80043ba554e79d5ce6b8008303aa5,"Change Parameter Type"
169,0e5647f1a4d80043ba554e79d5ce6b8008303aa5,"Change Return Type"
170,0e5647f1a4d80043ba554e79d5ce6b8008303aa5,"Change Variable Type"
171,0e5647f1a4d80043ba554e79d5ce6b8008303aa5,"Rename Parameter"
172,0e6e04fe6abfe3ac58752e94d186c79c0e951101,"Rename Method"
173,0ed07c3b95ffdb8073c3fff54259218d8b17e56e,"Change Attribute Type"
174,0ed07c3b95ffdb8073c3fff54259218d8b17e56e,"Change Parameter Type"
175,0ed07c3b95ffdb8073c3fff54259218d8b17e56e,"Change Return Type"
176,0ed07c3b95ffdb8073c3fff54259218d8b17e56e,"Change Variable Type"
177,0ed07c3b95ffdb8073c3fff54259218d8b17e56e,"Move Class"
178,0ed07c3b95ffdb8073c3fff54259218d8b17e56e,"Rename Attribute"
179,0ed07c3b95ffdb8073c3fff54259218d8b17e56e,"Rename Method"
180,0ed07c3b95ffdb8073c3fff54259218d8b17e56e,"Rename Parameter"
181,0f965bf7bf6679d128b39a683f7b523cdb1c24a1,"Rename Class"
182,0ff1a3431431c1f32de935d87c7f106cac800353,"Change Attribute Type"
183,0ff1a3431431c1f32de935d87c7f106cac800353,"Change Parameter Type"
184,0ff1a3431431c1f32de935d87c7f106cac800353,"Change Return Type"
185,0ff1a3431431c1f32de935d87c7f106cac800353,"Change Variable Type"
186,0ff1a3431431c1f32de935d87c7f106cac800353,"Rename Attribute"
187,0ff1a3431431c1f32de935d87c7f106cac800353,"Rename Class"
188,0ff1a3431431c1f32de935d87c7f106cac800353,"Rename Method"
189,0ff1a3431431c1f32de935d87c7f106cac800353,"Rename Parameter"
190,0ff1a3431431c1f32de935d87c7f106cac800353,"Rename Variable"
191,10406d2e039ba7f6a116a9d1477eaee37c6a6910,"Rename Attribute"
192,10406d2e039ba7f6a116a9d1477eaee37c6a6910,"Rename Class"
193,10406d2e039ba7f6a116a9d1477eaee37c6a6910,"Rename Method"
194,10406d2e039ba7f6a116a9d1477eaee37c6a6910,"Rename Variable"
195,1041ce3105976bc6c707c0f23a5bee9cabf7ec61,"Change Attribute Type"
196,1041ce3105976bc6c707c0f23a5bee9cabf7ec61,"Change Parameter Type"
197,1041ce3105976bc6c707c0f23a5bee9cabf7ec61,"Change Variable Type"
198,1041ce3105976bc6c707c0f23a5bee9cabf7ec61,"Move Class"
199,1041ce3105976bc6c707c0f23a5bee9cabf7ec61,"Rename Attribute"
200,1041ce3105976bc6c707c0f23a5bee9cabf7ec61,"Rename Method"
201,1041ce3105976bc6c707c0f23a5bee9cabf7ec61,"Rename Parameter"
202,10c5a0b9bdc2c69d46f23b67fc02a0aae333b2b2,"Change Parameter Type"
203,10c5a0b9bdc2c69d46f23b67fc02a0aae333b2b2,"Rename Attribute"
204,10c5a0b9bdc2c69d46f23b67fc02a0aae333b2b2,"Rename Variable"
205,112aa0f3afd4870db06490645b25e9fbd3a463aa,"Rename Method"
206,112aa0f3afd4870db06490645b25e9fbd3a463aa,"Rename Variable"
207,113d634a28f096907390fe79a0449fd449d53c0d,"Change Attribute Type"
208,113d634a28f096907390fe79a0449fd449d53c0d,"Change Parameter Type"
209,113d634a28f096907390fe79a0449fd449d53c0d,"Change Return Type"
210,113d634a28f096907390fe79a0449fd449d53c0d,"Change Variable Type"
211,113d634a28f096907390fe79a0449fd449d53c0d,"Rename Attribute"
212,113d634a28f096907390fe79a0449fd449d53c0d,"Rename Class"
213,113d634a28f096907390fe79a0449fd449d53c0d,"Rename Method"
214,113d634a28f096907390fe79a0449fd449d53c0d,"Rename Variable"
215,12cb178838c9df76b0545fe7a5e47d160d979f75,"Move Class"
216,12d69fbf4b9eb1f8f6b10c5e2e4390ce6a7324b3,"Change Variable Type"
217,12d69fbf4b9eb1f8f6b10c5e2e4390ce6a7324b3,"Rename Attribute"
218,12d69fbf4b9eb1f8f6b10c5e2e4390ce6a7324b3,"Rename Method"
219,12d69fbf4b9eb1f8f6b10c5e2e4390ce6a7324b3,"Rename Variable"
220,13b09b1fe035ca7e1a23d23a4b4b87edb14a35bf,"Change Return Type"
221,13b09b1fe035ca7e1a23d23a4b4b87edb14a35bf,"Rename Parameter"
222,13e8edb1c8f48eba87cba418af5f217efe0d4a5f,"Rename Method"
223,13e8edb1c8f48eba87cba418af5f217efe0d4a5f,"Rename Parameter"
224,13f3651048242a5bd33610b1bc89d1b1e07fc8d8,"Change Attribute Type"
225,13f3651048242a5bd33610b1bc89d1b1e07fc8d8,"Change Return Type"
226,13f3651048242a5bd33610b1bc89d1b1e07fc8d8,"Change Variable Type"
227,13f3651048242a5bd33610b1bc89d1b1e07fc8d8,"Rename Class"
228,13f3651048242a5bd33610b1bc89d1b1e07fc8d8,"Rename Method"
229,144af1463707814b2e925c658d4224a49a58f1d2,"Change Attribute Type"
230,144af1463707814b2e925c658d4224a49a58f1d2,"Change Variable Type"
231,144af1463707814b2e925c658d4224a49a58f1d2,"Rename Variable"
232,14db1d20a252c07df2c6d6549e01dfe2dd63ccae,"Change Return Type"
233,14ecbbfa6444dc8e0d2f64210af674b57e719b86,"Change Parameter Type"
234,14ecbbfa6444dc8e0d2f64210af674b57e719b86,"Change Variable Type"
235,14ecbbfa6444dc8e0d2f64210af674b57e719b86,"Rename Parameter"
236,14ecbbfa6444dc8e0d2f64210af674b57e719b86,"Rename Variable"
237,151c562a8545242cf93183bf3a07396e9beda70b,"Rename Attribute"
238,151c562a8545242cf93183bf3a07396e9beda70b,"Rename Method"
239,151c562a8545242cf93183bf3a07396e9beda70b,"Rename Parameter"
240,151c562a8545242cf93183bf3a07396e9beda70b,"Rename Variable"
241,156a37877cae6af5feb1fa7895b8307a57b880e4,"Change Variable Type"
242,167bf179299ec3a7e308a78fc33a4f49e4ba5cf6,"Change Attribute Type"
243,167bf179299ec3a7e308a78fc33a4f49e4ba5cf6,"Change Parameter Type"
244,167bf179299ec3a7e308a78fc33a4f49e4ba5cf6,"Change Return Type"
245,167bf179299ec3a7e308a78fc33a4f49e4ba5cf6,"Change Variable Type"
246,169b045a6e4607dab10f0877f7aa550e2c4a0094,"Change Return Type"
247,169b045a6e4607dab10f0877f7aa550e2c4a0094,"Change Variable Type"
248,169b045a6e4607dab10f0877f7aa550e2c4a0094,"Rename Method"
249,169b045a6e4607dab10f0877f7aa550e2c4a0094,"Rename Parameter"
250,169b045a6e4607dab10f0877f7aa550e2c4a0094,"Rename Variable"
251,16fc165fd622b2e09dec709be788e511c3c949ad,"Change Return Type"
252,16fc165fd622b2e09dec709be788e511c3c949ad,"Change Variable Type"
253,16fc165fd622b2e09dec709be788e511c3c949ad,"Move Class"
254,17d6377835010e634d6529872429bd7528d5651e,"Change Parameter Type"
255,17d6377835010e634d6529872429bd7528d5651e,"Rename Parameter"
256,17ea9cebf23354f9a68ea0c6f60185ee9de07cae,"Change Return Type"
257,17ea9cebf23354f9a68ea0c6f60185ee9de07cae,"Rename Method"
258,1843683bd2fa562ca7944a413666fa1fc35323e6,"Change Variable Type"
259,1843683bd2fa562ca7944a413666fa1fc35323e6,"Rename Method"
260,1843683bd2fa562ca7944a413666fa1fc35323e6,"Rename Variable"
261,1858897ad4efcac2e951eb34a5016c2360372a15,"Change Attribute Type"
262,1858897ad4efcac2e951eb34a5016c2360372a15,"Change Parameter Type"
263,1858897ad4efcac2e951eb34a5016c2360372a15,"Change Variable Type"
264,1858897ad4efcac2e951eb34a5016c2360372a15,"Rename Method"
265,18a00c50b004c7d27155d087234185ff8ba5d0b7,"Change Attribute Type"
266,18a00c50b004c7d27155d087234185ff8ba5d0b7,"Rename Attribute"
267,18a00c50b004c7d27155d087234185ff8ba5d0b7,"Rename Parameter"
268,18cbf678c010f9f37f1760aa6adcd85f27d31183,"Change Variable Type"
269,18cbf678c010f9f37f1760aa6adcd85f27d31183,"Rename Parameter"
270,18cbf678c010f9f37f1760aa6adcd85f27d31183,"Rename Variable"
271,19170fc0949a195062328538e64f4066a46657b4,"Change Attribute Type"
272,195704c33d2f992c1dc30df4c0e029d4e9d53301,"Change Attribute Type"
273,195704c33d2f992c1dc30df4c0e029d4e9d53301,"Change Variable Type"
274,195704c33d2f992c1dc30df4c0e029d4e9d53301,"Rename Attribute"
275,195704c33d2f992c1dc30df4c0e029d4e9d53301,"Rename Variable"
276,19abb754a22ed04a912fe975d3ad54efedc1509d,"Change Return Type"
277,19abb754a22ed04a912fe975d3ad54efedc1509d,"Rename Method"
278,19ad398c6e523191116ec84f91b2ef92ff34847f,"Rename Variable"
279,1a3fc99b83e573efeaf5fbe971a5271485b42980,"Change Attribute Type"
280,1a3fc99b83e573efeaf5fbe971a5271485b42980,"Change Parameter Type"
281,1a3fc99b83e573efeaf5fbe971a5271485b42980,"Change Return Type"
282,1a3fc99b83e573efeaf5fbe971a5271485b42980,"Change Variable Type"
283,1a3fc99b83e573efeaf5fbe971a5271485b42980,"Rename Attribute"
284,1a45381702d639fd2650ddb40078e1f74111d4ad,"Rename Attribute"
285,1a45381702d639fd2650ddb40078e1f74111d4ad,"Rename Method"
286,1a45381702d639fd2650ddb40078e1f74111d4ad,"Rename Parameter"
287,1a537b5f33b7ab8386a7db09f046f4c00da80ad8,"Change Return Type"
288,1a537b5f33b7ab8386a7db09f046f4c00da80ad8,"Change Variable Type"
289,1a537b5f33b7ab8386a7db09f046f4c00da80ad8,"Rename Method"
290,1a5a8d24b1b8d9ceff510fd2fa8378274cf5506f,"Rename Attribute"
291,1a5a8d24b1b8d9ceff510fd2fa8378274cf5506f,"Rename Method"
292,1a5a8d24b1b8d9ceff510fd2fa8378274cf5506f,"Rename Parameter"
293,1a973836ffc3173d5ced7d8cee20c109c250d217,"Change Attribute Type"
294,1a973836ffc3173d5ced7d8cee20c109c250d217,"Change Parameter Type"
295,1a973836ffc3173d5ced7d8cee20c109c250d217,"Change Return Type"
296,1a973836ffc3173d5ced7d8cee20c109c250d217,"Rename Attribute"
297,1ae2edb9d8f7e7fabc44fafd35498700f85e818b,"Change Attribute Type"
298,1ae2edb9d8f7e7fabc44fafd35498700f85e818b,"Change Return Type"
299,1ae2edb9d8f7e7fabc44fafd35498700f85e818b,"Rename Parameter"
300,1aec37c6596643e5704d60a1dd28bcc77a4d2167,"Change Attribute Type"
301,1aec37c6596643e5704d60a1dd28bcc77a4d2167,"Change Parameter Type"
302,1aec37c6596643e5704d60a1dd28bcc77a4d2167,"Change Return Type"
303,1aec37c6596643e5704d60a1dd28bcc77a4d2167,"Change Variable Type"
304,1aec37c6596643e5704d60a1dd28bcc77a4d2167,"Move Class"
305,1aec37c6596643e5704d60a1dd28bcc77a4d2167,"Rename Class"
306,1aec37c6596643e5704d60a1dd28bcc77a4d2167,"Rename Method"
307,1aec37c6596643e5704d60a1dd28bcc77a4d2167,"Rename Parameter"
308,1b1e25c2721c8603d2455e8a97a1b135515117a1,"Rename Parameter"
309,1b93ffb2bfb6c9010ea05135bd7b76c441495250,"Change Parameter Type"
310,1b93ffb2bfb6c9010ea05135bd7b76c441495250,"Change Variable Type"
311,1b93ffb2bfb6c9010ea05135bd7b76c441495250,"Rename Parameter"
312,1b93ffb2bfb6c9010ea05135bd7b76c441495250,"Rename Variable"
313,1c12c806842dada6f4182f79dc11ca63688c4207,"Change Attribute Type"
314,1c12c806842dada6f4182f79dc11ca63688c4207,"Change Parameter Type"
315,1c12c806842dada6f4182f79dc11ca63688c4207,"Change Return Type"
316,1c12c806842dada6f4182f79dc11ca63688c4207,"Change Variable Type"
317,1c12c806842dada6f4182f79dc11ca63688c4207,"Rename Method"
318,1d1df0174da000cf99de4d381d7bb6ba0f9d6dc5,"Change Attribute Type"
319,1d1df0174da000cf99de4d381d7bb6ba0f9d6dc5,"Change Return Type"
320,1d1df0174da000cf99de4d381d7bb6ba0f9d6dc5,"Rename Method"
321,1d1df0174da000cf99de4d381d7bb6ba0f9d6dc5,"Rename Parameter"
322,1d1df0174da000cf99de4d381d7bb6ba0f9d6dc5,"Rename Variable"
323,1d1e449b82c3ad6316d4d2b8b88c9e6b926775c7,"Move Class"
324,1d1e449b82c3ad6316d4d2b8b88c9e6b926775c7,"Rename Class"
325,1d1e449b82c3ad6316d4d2b8b88c9e6b926775c7,"Rename Method"
326,1d1e449b82c3ad6316d4d2b8b88c9e6b926775c7,"Rename Parameter"
327,1d1e449b82c3ad6316d4d2b8b88c9e6b926775c7,"Rename Variable"
328,1d57cc4c88f2c7f2349b860b14cef932b509346a,"Change Attribute Type"
329,1e2762ccff52090b8ef40be923b1d7f8d33f429e,"Rename Attribute"
330,1e2762ccff52090b8ef40be923b1d7f8d33f429e,"Rename Method"
331,1e5cbb8d25d3c85aabd28ffb7b86fa2f3c78c5c4,"Change Attribute Type"
332,1e5cbb8d25d3c85aabd28ffb7b86fa2f3c78c5c4,"Rename Attribute"
333,1ea8fb6d27b57ca1d4424a07055449e5f5ff612a,"Move Class"
334,1ea8fb6d27b57ca1d4424a07055449e5f5ff612a,"Rename Class"
335,1eae4e65dfc37a4e88b9c97186375a9d3cde5e4a,"Rename Variable"
336,1eaf603593b710dde3f609f5573e61d77cfe5975,"Change Attribute Type"
337,1eaf603593b710dde3f609f5573e61d77cfe5975,"Change Variable Type"
338,1eaf603593b710dde3f609f5573e61d77cfe5975,"Rename Attribute"
339,1eaf603593b710dde3f609f5573e61d77cfe5975,"Rename Variable"
340,1eb45a93a354902c1a131380f00cb9f4e0b8e5dd,"Change Attribute Type"
341,1eb45a93a354902c1a131380f00cb9f4e0b8e5dd,"Change Parameter Type"
342,1eb45a93a354902c1a131380f00cb9f4e0b8e5dd,"Change Return Type"
343,1eb45a93a354902c1a131380f00cb9f4e0b8e5dd,"Change Variable Type"
344,1eb45a93a354902c1a131380f00cb9f4e0b8e5dd,"Rename Attribute"
345,1eb45a93a354902c1a131380f00cb9f4e0b8e5dd,"Rename Method"
346,1eb45a93a354902c1a131380f00cb9f4e0b8e5dd,"Rename Parameter"
347,1eb45a93a354902c1a131380f00cb9f4e0b8e5dd,"Rename Variable"
348,1f1637bafd31711220704d85285b71a38bbb5d95,"Change Attribute Type"
349,1f1637bafd31711220704d85285b71a38bbb5d95,"Change Parameter Type"
350,1f1637bafd31711220704d85285b71a38bbb5d95,"Change Return Type"
351,1f1637bafd31711220704d85285b71a38bbb5d95,"Change Variable Type"
352,1fa653ab295b9438c32961333fcd55a7a605830c,"Change Return Type"
353,1fa653ab295b9438c32961333fcd55a7a605830c,"Rename Method"
354,2074a6dc9aafe44c51a1357d69e79cad3a5595b9,"Change Return Type"
355,2084e14af99892a3d8d6a3638521d820393d65ba,"Move Class"
356,20b085b126e251d77d745306a622a8417f3af2eb,"Change Attribute Type"
357,20b085b126e251d77d745306a622a8417f3af2eb,"Change Parameter Type"
358,20b085b126e251d77d745306a622a8417f3af2eb,"Change Return Type"
359,20b085b126e251d77d745306a622a8417f3af2eb,"Change Variable Type"
360,20b085b126e251d77d745306a622a8417f3af2eb,"Move Class"
361,20b085b126e251d77d745306a622a8417f3af2eb,"Rename Class"
362,20b085b126e251d77d745306a622a8417f3af2eb,"Rename Method"
363,20c5d78a346cda0ad8032f42068fca949e8a3eb6,"Rename Parameter"
364,2110c277e7b5f616f0bc4292858f2545c2209ee5,"Rename Class"
365,2110c277e7b5f616f0bc4292858f2545c2209ee5,"Rename Method"
366,211933875a81ceb924afb29ae682ab140c4d6041,"Change Variable Type"
367,211933875a81ceb924afb29ae682ab140c4d6041,"Rename Class"
368,211933875a81ceb924afb29ae682ab140c4d6041,"Rename Variable"
369,211dbba066ce51ee7a7d1343702219b15efeba23,"Rename Variable"
370,2121bb86cebcefd28af8b625e57d8616a5af824a,"Change Return Type"
371,2121bb86cebcefd28af8b625e57d8616a5af824a,"Rename Variable"
372,217b65ba5e3cb8e3e7c61c4ad6b7d57aa3ec095b,"Change Parameter Type"
373,2206ea6d9258456285e6643cf65d8e98df436cc7,"Rename Attribute"
374,2206ea6d9258456285e6643cf65d8e98df436cc7,"Rename Method"
375,2206ea6d9258456285e6643cf65d8e98df436cc7,"Rename Parameter"
376,222802dee2681c14153ce9c444ccc351fcca1683,"Change Parameter Type"
377,222802dee2681c14153ce9c444ccc351fcca1683,"Change Variable Type"
378,222802dee2681c14153ce9c444ccc351fcca1683,"Rename Variable"
379,227086e9ea009452e0b7bd2980c33b1791353a75,"Change Variable Type"
380,227086e9ea009452e0b7bd2980c33b1791353a75,"Rename Variable"
381,22b6e06f3b847b5c24985f41910cb7877b3183fa,"Change Attribute Type"
382,22b6e06f3b847b5c24985f41910cb7877b3183fa,"Change Variable Type"
383,22db2fdebce7b9d300a1be8ac50d078fe01ac0c8,"Change Attribute Type"
384,22db2fdebce7b9d300a1be8ac50d078fe01ac0c8,"Change Variable Type"
385,22db2fdebce7b9d300a1be8ac50d078fe01ac0c8,"Rename Variable"
386,23288f5a4c654ec841cab11b5a17eff9deca4c5b,"Change Attribute Type"
387,23288f5a4c654ec841cab11b5a17eff9deca4c5b,"Change Parameter Type"
388,23288f5a4c654ec841cab11b5a17eff9deca4c5b,"Rename Method"
389,23288f5a4c654ec841cab11b5a17eff9deca4c5b,"Rename Parameter"
390,23288f5a4c654ec841cab11b5a17eff9deca4c5b,"Rename Variable"
391,23c19f39fc8e51eb39bf65685b1241433179bb1c,"Change Attribute Type"
392,23c19f39fc8e51eb39bf65685b1241433179bb1c,"Change Parameter Type"
393,23c19f39fc8e51eb39bf65685b1241433179bb1c,"Change Return Type"
394,23c19f39fc8e51eb39bf65685b1241433179bb1c,"Change Variable Type"
395,23c19f39fc8e51eb39bf65685b1241433179bb1c,"Move Class"
396,23c19f39fc8e51eb39bf65685b1241433179bb1c,"Rename Attribute"
397,23c19f39fc8e51eb39bf65685b1241433179bb1c,"Rename Method"
398,23c19f39fc8e51eb39bf65685b1241433179bb1c,"Rename Parameter"
399,23c19f39fc8e51eb39bf65685b1241433179bb1c,"Rename Variable"
400,24c0f4931a4502ee444f01e5909905bd95d84474,"Rename Parameter"
401,256722406ce10bca73e3d8477246eabc25594eb7,"Rename Variable"
402,26ac115ce38b4eac548ba56f52bded0884261782,"Change Attribute Type"
403,26be9876097506a175da09fdf1fc5941a9f97116,"Change Parameter Type"
404,26be9876097506a175da09fdf1fc5941a9f97116,"Change Variable Type"
405,26be9876097506a175da09fdf1fc5941a9f97116,"Rename Parameter"
406,26be9876097506a175da09fdf1fc5941a9f97116,"Rename Variable"
407,26f6a14b5c2e5f7fda04278b3fbabf596c8d8fd1,"Change Attribute Type"
408,26f6a14b5c2e5f7fda04278b3fbabf596c8d8fd1,"Change Parameter Type"
409,26f6a14b5c2e5f7fda04278b3fbabf596c8d8fd1,"Change Return Type"
410,26f6a14b5c2e5f7fda04278b3fbabf596c8d8fd1,"Change Variable Type"
411,26f6a14b5c2e5f7fda04278b3fbabf596c8d8fd1,"Rename Attribute"
412,26f6a14b5c2e5f7fda04278b3fbabf596c8d8fd1,"Rename Class"
413,26f6a14b5c2e5f7fda04278b3fbabf596c8d8fd1,"Rename Method"
414,26f6a14b5c2e5f7fda04278b3fbabf596c8d8fd1,"Rename Parameter"
415,26f6a14b5c2e5f7fda04278b3fbabf596c8d8fd1,"Rename Variable"
416,27599592cef11d2ae6301032bef2188a91af432f,"Change Variable Type"
417,27599592cef11d2ae6301032bef2188a91af432f,"Rename Class"
418,27599592cef11d2ae6301032bef2188a91af432f,"Rename Method"
419,27599592cef11d2ae6301032bef2188a91af432f,"Rename Parameter"
420,27599592cef11d2ae6301032bef2188a91af432f,"Rename Variable"
421,278e857bf66feee2588d45e799bc87eb9cc17cf4,"Change Variable Type"
422,278e857bf66feee2588d45e799bc87eb9cc17cf4,"Rename Attribute"
423,278e857bf66feee2588d45e799bc87eb9cc17cf4,"Rename Method"
424,27dcb1da75b30fa424de3d58e72a282af9f1e420,"Change Variable Type"
425,27dcb1da75b30fa424de3d58e72a282af9f1e420,"Rename Attribute"
426,27dcb1da75b30fa424de3d58e72a282af9f1e420,"Rename Method"
427,27dcb1da75b30fa424de3d58e72a282af9f1e420,"Rename Variable"
428,280105c93544395143f0c4bc7f6dbbd5716ef1e7,"Change Attribute Type"
429,280105c93544395143f0c4bc7f6dbbd5716ef1e7,"Change Parameter Type"
430,280105c93544395143f0c4bc7f6dbbd5716ef1e7,"Change Return Type"
431,280105c93544395143f0c4bc7f6dbbd5716ef1e7,"Rename Attribute"
432,280105c93544395143f0c4bc7f6dbbd5716ef1e7,"Rename Class"
433,280105c93544395143f0c4bc7f6dbbd5716ef1e7,"Rename Method"
434,280105c93544395143f0c4bc7f6dbbd5716ef1e7,"Rename Parameter"
435,280105c93544395143f0c4bc7f6dbbd5716ef1e7,"Rename Variable"
436,284d6d8f7545abd6f9ea2b2d811b5e1243d80791,"Change Parameter Type"
437,284d6d8f7545abd6f9ea2b2d811b5e1243d80791,"Change Return Type"
438,284d6d8f7545abd6f9ea2b2d811b5e1243d80791,"Change Variable Type"
439,284d6d8f7545abd6f9ea2b2d811b5e1243d80791,"Move Class"
440,284d6d8f7545abd6f9ea2b2d811b5e1243d80791,"Rename Class"
441,284d6d8f7545abd6f9ea2b2d811b5e1243d80791,"Rename Method"
442,284d6d8f7545abd6f9ea2b2d811b5e1243d80791,"Rename Variable"
443,289ad23354a205193a8331b43aa2c687d9a5453c,"Change Attribute Type"
444,289ad23354a205193a8331b43aa2c687d9a5453c,"Change Parameter Type"
445,289ad23354a205193a8331b43aa2c687d9a5453c,"Change Return Type"
446,289ad23354a205193a8331b43aa2c687d9a5453c,"Change Variable Type"
447,289ad23354a205193a8331b43aa2c687d9a5453c,"Rename Class"
448,289ad23354a205193a8331b43aa2c687d9a5453c,"Rename Method"
449,289ad23354a205193a8331b43aa2c687d9a5453c,"Rename Parameter"
450,289ad23354a205193a8331b43aa2c687d9a5453c,"Rename Variable"
451,28b37d6767160ce2676f9ffe4ec21d25aea7a82b,"Change Variable Type"
452,293b2003b6b832f28d0e10d81cb048d98fb3217d,"Change Attribute Type"
453,293b2003b6b832f28d0e10d81cb048d98fb3217d,"Change Parameter Type"
454,293b2003b6b832f28d0e10d81cb048d98fb3217d,"Change Return Type"
455,293b2003b6b832f28d0e10d81cb048d98fb3217d,"Change Variable Type"
456,293b2003b6b832f28d0e10d81cb048d98fb3217d,"Rename Attribute"
457,293b2003b6b832f28d0e10d81cb048d98fb3217d,"Rename Class"
458,293b2003b6b832f28d0e10d81cb048d98fb3217d,"Rename Method"
459,293b2003b6b832f28d0e10d81cb048d98fb3217d,"Rename Parameter"
460,293b2003b6b832f28d0e10d81cb048d98fb3217d,"Rename Variable"
461,29c2f263d6b55a8acf02657f3521de257387ee8f,"Rename Method"
462,29eff62e0bfcd1e96c1c0db8484100a14da36bca,"Change Attribute Type"
463,29eff62e0bfcd1e96c1c0db8484100a14da36bca,"Rename Attribute"
464,2ad11f36f8d236c85511e3c0f22fe326561ada23,"Change Variable Type"
465,2ad11f36f8d236c85511e3c0f22fe326561ada23,"Rename Class"
466,2ad11f36f8d236c85511e3c0f22fe326561ada23,"Rename Method"
467,2ad11f36f8d236c85511e3c0f22fe326561ada23,"Rename Variable"
468,2b4efa166ce25a69e2f1f127494233704409c1bb,"Rename Variable"
469,2b965b68ffc9d0020e5286ab648e3befd17d88b3,"Change Return Type"
470,2be5b987bede3a2d90c5f9c65761c74b1773eae0,"Change Parameter Type"
471,2be5b987bede3a2d90c5f9c65761c74b1773eae0,"Rename Attribute"
472,2be5b987bede3a2d90c5f9c65761c74b1773eae0,"Rename Method"
473,2d68a5c976f369222a79ddfa021ff7d32f34a4ed,"Rename Method"
474,2dbdb2e7203dfa7018db40f55d6a6a5caf81a3a0,"Change Parameter Type"
475,2dbdb2e7203dfa7018db40f55d6a6a5caf81a3a0,"Change Variable Type"
476,2dbdb2e7203dfa7018db40f55d6a6a5caf81a3a0,"Rename Attribute"
477,2dbdb2e7203dfa7018db40f55d6a6a5caf81a3a0,"Rename Variable"
478,2ddcc353927865939640a4344aca720d1a6d299d,"Change Attribute Type"
479,2ddcc353927865939640a4344aca720d1a6d299d,"Change Parameter Type"
480,2e09624b115e4e5f05adf80b07cbbf0af79064f2,"Change Attribute Type"
481,2e09624b115e4e5f05adf80b07cbbf0af79064f2,"Change Parameter Type"
482,2e09624b115e4e5f05adf80b07cbbf0af79064f2,"Change Variable Type"
483,2e09624b115e4e5f05adf80b07cbbf0af79064f2,"Rename Attribute"
484,2e31e0c3c43ebfa25e2cafa8a4c39a0299e3cd25,"Change Attribute Type"
485,2e31e0c3c43ebfa25e2cafa8a4c39a0299e3cd25,"Change Parameter Type"
486,2e31e0c3c43ebfa25e2cafa8a4c39a0299e3cd25,"Change Return Type"
487,2e31e0c3c43ebfa25e2cafa8a4c39a0299e3cd25,"Change Variable Type"
488,2e31e0c3c43ebfa25e2cafa8a4c39a0299e3cd25,"Move Class"
489,2e31e0c3c43ebfa25e2cafa8a4c39a0299e3cd25,"Rename Attribute"
490,2e31e0c3c43ebfa25e2cafa8a4c39a0299e3cd25,"Rename Class"
491,2e31e0c3c43ebfa25e2cafa8a4c39a0299e3cd25,"Rename Parameter"
492,2e31e0c3c43ebfa25e2cafa8a4c39a0299e3cd25,"Rename Variable"
493,2e6052942e6470ed05e1e956f30b2a480bd060e6,"Change Attribute Type"
494,2e6052942e6470ed05e1e956f30b2a480bd060e6,"Change Variable Type"
495,2e6052942e6470ed05e1e956f30b2a480bd060e6,"Move Class"
496,2e6052942e6470ed05e1e956f30b2a480bd060e6,"Rename Method"
497,2e867c34eb3d7da5d23fb91143b7b40539a84445,"Change Attribute Type"
498,2e867c34eb3d7da5d23fb91143b7b40539a84445,"Rename Attribute"
499,2e867c34eb3d7da5d23fb91143b7b40539a84445,"Rename Class"
500,2e867c34eb3d7da5d23fb91143b7b40539a84445,"Rename Method"
501,2e90293acef5cde5f9a9db5beb6f3fad66f5b43a,"Change Attribute Type"
502,2e90293acef5cde5f9a9db5beb6f3fad66f5b43a,"Change Parameter Type"
503,2e90293acef5cde5f9a9db5beb6f3fad66f5b43a,"Change Return Type"
504,2e90293acef5cde5f9a9db5beb6f3fad66f5b43a,"Change Variable Type"
505,2e90293acef5cde5f9a9db5beb6f3fad66f5b43a,"Rename Class"
506,2e90293acef5cde5f9a9db5beb6f3fad66f5b43a,"Rename Method"
507,2e90293acef5cde5f9a9db5beb6f3fad66f5b43a,"Rename Parameter"
508,2eb9de0c30f6c436ecea393c52272193554c003a,"Change Attribute Type"
509,2eb9de0c30f6c436ecea393c52272193554c003a,"Change Parameter Type"
510,2eb9de0c30f6c436ecea393c52272193554c003a,"Change Return Type"
511,2eb9de0c30f6c436ecea393c52272193554c003a,"Change Variable Type"
512,2eb9de0c30f6c436ecea393c52272193554c003a,"Rename Attribute"
513,2eb9de0c30f6c436ecea393c52272193554c003a,"Rename Method"
514,2eb9de0c30f6c436ecea393c52272193554c003a,"Rename Parameter"
515,2eb9de0c30f6c436ecea393c52272193554c003a,"Rename Variable"
516,2f0067a04bc826e78c9f5809e9b921972cebeda7,"Change Attribute Type"
517,2f0067a04bc826e78c9f5809e9b921972cebeda7,"Change Variable Type"
518,2f0067a04bc826e78c9f5809e9b921972cebeda7,"Rename Attribute"
519,2f0067a04bc826e78c9f5809e9b921972cebeda7,"Rename Variable"
520,2f635745558a0263ffb91ca585f2798e4215c155,"Change Variable Type"
521,2f635745558a0263ffb91ca585f2798e4215c155,"Rename Variable"
522,2f64f4f7be58eb3dd5b39fd611c901e948731388,"Change Attribute Type"
523,2f64f4f7be58eb3dd5b39fd611c901e948731388,"Change Parameter Type"
524,2f64f4f7be58eb3dd5b39fd611c901e948731388,"Change Return Type"
525,2f64f4f7be58eb3dd5b39fd611c901e948731388,"Move Class"
526,2f64f4f7be58eb3dd5b39fd611c901e948731388,"Rename Attribute"
527,2f64f4f7be58eb3dd5b39fd611c901e948731388,"Rename Class"
528,2f64f4f7be58eb3dd5b39fd611c901e948731388,"Rename Method"
529,2f64f4f7be58eb3dd5b39fd611c901e948731388,"Rename Parameter"
530,2fa65a65ab4ab5c564df1a167355859f3827166e,"Change Variable Type"
531,2fa65a65ab4ab5c564df1a167355859f3827166e,"Rename Method"
532,2fa65a65ab4ab5c564df1a167355859f3827166e,"Rename Variable"
533,3011c65ce19baf5970a6f61805b3cd3284abdae5,"Change Variable Type"
534,3011c65ce19baf5970a6f61805b3cd3284abdae5,"Rename Variable"
535,3026799fb2d26edbd7eb4ac17c690cc5b7a7463a,"Change Variable Type"
536,30334c22d359f27ee6aab3fe5979798de4a91d52,"Change Attribute Type"
537,30334c22d359f27ee6aab3fe5979798de4a91d52,"Change Parameter Type"
538,30334c22d359f27ee6aab3fe5979798de4a91d52,"Change Return Type"
539,313d35ae97c7f9e478da2724dc3752d4232c5f9b,"Change Attribute Type"
540,313d35ae97c7f9e478da2724dc3752d4232c5f9b,"Change Parameter Type"
541,313d35ae97c7f9e478da2724dc3752d4232c5f9b,"Change Variable Type"
542,313d35ae97c7f9e478da2724dc3752d4232c5f9b,"Move Class"
543,313d35ae97c7f9e478da2724dc3752d4232c5f9b,"Rename Attribute"
544,313d35ae97c7f9e478da2724dc3752d4232c5f9b,"Rename Class"
545,313d35ae97c7f9e478da2724dc3752d4232c5f9b,"Rename Parameter"
546,313d35ae97c7f9e478da2724dc3752d4232c5f9b,"Rename Variable"
547,316131fb7513b384641240cc20757008bce1e77c,"Change Attribute Type"
548,316131fb7513b384641240cc20757008bce1e77c,"Change Parameter Type"
549,316131fb7513b384641240cc20757008bce1e77c,"Change Variable Type"
550,316131fb7513b384641240cc20757008bce1e77c,"Move Class"
551,316131fb7513b384641240cc20757008bce1e77c,"Rename Class"
552,316131fb7513b384641240cc20757008bce1e77c,"Rename Method"
553,316131fb7513b384641240cc20757008bce1e77c,"Rename Parameter"
554,316131fb7513b384641240cc20757008bce1e77c,"Rename Variable"
555,31874713c080e5ef5e3252564fd66fcae8f172cb,"Change Attribute Type"
556,31874713c080e5ef5e3252564fd66fcae8f172cb,"Change Parameter Type"
557,31874713c080e5ef5e3252564fd66fcae8f172cb,"Change Return Type"
558,31874713c080e5ef5e3252564fd66fcae8f172cb,"Change Variable Type"
559,31874713c080e5ef5e3252564fd66fcae8f172cb,"Move Class"
560,31874713c080e5ef5e3252564fd66fcae8f172cb,"Rename Parameter"
561,31a3d466af9d23bff3596cb600f8ee4445c0b20c,"Change Attribute Type"
562,31a3d466af9d23bff3596cb600f8ee4445c0b20c,"Change Parameter Type"
563,31a3d466af9d23bff3596cb600f8ee4445c0b20c,"Change Return Type"
564,31a3d466af9d23bff3596cb600f8ee4445c0b20c,"Rename Attribute"
565,31a3d466af9d23bff3596cb600f8ee4445c0b20c,"Rename Method"
566,31a3d466af9d23bff3596cb600f8ee4445c0b20c,"Rename Parameter"
567,31b37ecec278c91a64665d73d683d20d7faa59a9,"Change Attribute Type"
568,31b37ecec278c91a64665d73d683d20d7faa59a9,"Change Parameter Type"
569,31b37ecec278c91a64665d73d683d20d7faa59a9,"Change Return Type"
570,31b37ecec278c91a64665d73d683d20d7faa59a9,"Change Variable Type"
571,31b37ecec278c91a64665d73d683d20d7faa59a9,"Rename Class"
572,31b37ecec278c91a64665d73d683d20d7faa59a9,"Rename Variable"
573,31d2099f976d601edfa00b3014c000dc94a78887,"Change Return Type"
574,31d3f17f75f4d957469aa82bc180a32f09ce687a,"Change Attribute Type"
575,31d3f17f75f4d957469aa82bc180a32f09ce687a,"Change Parameter Type"
576,31d3f17f75f4d957469aa82bc180a32f09ce687a,"Change Return Type"
577,31d3f17f75f4d957469aa82bc180a32f09ce687a,"Change Variable Type"
578,31d3f17f75f4d957469aa82bc180a32f09ce687a,"Move Class"
579,31d437163152c2b19431b7809e61c89af505e104,"Rename Attribute"
580,327fefc82e622054122501370f895462b0d02e5d,"Change Return Type"
581,327fefc82e622054122501370f895462b0d02e5d,"Change Variable Type"
582,327fefc82e622054122501370f895462b0d02e5d,"Rename Class"
583,327fefc82e622054122501370f895462b0d02e5d,"Rename Variable"
584,330991ffa80f75d90dc175b09b9ef2c9f1e25ae9,"Change Attribute Type"
585,330991ffa80f75d90dc175b09b9ef2c9f1e25ae9,"Change Parameter Type"
586,330991ffa80f75d90dc175b09b9ef2c9f1e25ae9,"Change Return Type"
587,330991ffa80f75d90dc175b09b9ef2c9f1e25ae9,"Change Variable Type"
588,330991ffa80f75d90dc175b09b9ef2c9f1e25ae9,"Rename Attribute"
589,330991ffa80f75d90dc175b09b9ef2c9f1e25ae9,"Rename Method"
590,330991ffa80f75d90dc175b09b9ef2c9f1e25ae9,"Rename Variable"
591,3428fe87a2b32b87bccb7ee816a638ea87d2abcd,"Change Return Type"
592,34ab428b9c46b13b9b3b9f418c1d08c099dfcd12,"Move Class"
593,34ab428b9c46b13b9b3b9f418c1d08c099dfcd12,"Rename Attribute"
594,34e59f79d368e0805b1cfe99814f29013639a0a3,"Change Attribute Type"
595,35597c9ef09cfd555ff2a64e3b5c71d43381cc59,"Change Parameter Type"
596,35597c9ef09cfd555ff2a64e3b5c71d43381cc59,"Change Return Type"
597,356dfbfb4f35f1b95217045280f88f5c984b2194,"Change Attribute Type"
598,356dfbfb4f35f1b95217045280f88f5c984b2194,"Change Parameter Type"
599,356dfbfb4f35f1b95217045280f88f5c984b2194,"Change Return Type"
600,356dfbfb4f35f1b95217045280f88f5c984b2194,"Change Variable Type"
601,356dfbfb4f35f1b95217045280f88f5c984b2194,"Rename Attribute"
602,356dfbfb4f35f1b95217045280f88f5c984b2194,"Rename Method"
603,356dfbfb4f35f1b95217045280f88f5c984b2194,"Rename Parameter"
604,364463caf72c05c612a0e632c955395270a1d731,"Change Attribute Type"
605,364463caf72c05c612a0e632c955395270a1d731,"Change Parameter Type"
606,364463caf72c05c612a0e632c955395270a1d731,"Change Return Type"
607,364463caf72c05c612a0e632c955395270a1d731,"Change Variable Type"
608,364463caf72c05c612a0e632c955395270a1d731,"Rename Attribute"
609,364463caf72c05c612a0e632c955395270a1d731,"Rename Class"
610,364463caf72c05c612a0e632c955395270a1d731,"Rename Method"
611,364463caf72c05c612a0e632c955395270a1d731,"Rename Parameter"
612,364463caf72c05c612a0e632c955395270a1d731,"Rename Variable"
613,366fbbf5debebdb1de47ad397ad3affaba41734a,"Rename Variable"
614,36b55970fba1918f7dd3a508ff818640b8149ed4,"Change Attribute Type"
615,36b55970fba1918f7dd3a508ff818640b8149ed4,"Change Variable Type"
616,36b55970fba1918f7dd3a508ff818640b8149ed4,"Rename Variable"
617,36e62c0a68247208b1b17250642f366818524940,"Rename Parameter"
618,373808805f427e5cb80ed4690855cad254515553,"Change Attribute Type"
619,373808805f427e5cb80ed4690855cad254515553,"Change Parameter Type"
620,373808805f427e5cb80ed4690855cad254515553,"Change Variable Type"
621,373808805f427e5cb80ed4690855cad254515553,"Rename Attribute"
622,3744cbf69b1ae27cbb5594a6c5cbededbe09bb0b,"Change Attribute Type"
623,3744cbf69b1ae27cbb5594a6c5cbededbe09bb0b,"Change Variable Type"
624,3797abbd44928b4bd9c459aa1adb5a7bfc0bbc5c,"Change Return Type"
625,3797abbd44928b4bd9c459aa1adb5a7bfc0bbc5c,"Change Variable Type"
626,3797abbd44928b4bd9c459aa1adb5a7bfc0bbc5c,"Rename Variable"
627,37b90f840fbce66f3240b80698798885f6f162e2,"Rename Parameter"
628,37daa716c6170cf095d9b547f9c3517dd81f465b,"Rename Method"
629,37daa716c6170cf095d9b547f9c3517dd81f465b,"Rename Parameter"
630,383528957ac6c93dc68d96bc8fb2ca44361448f8,"Change Parameter Type"
631,383528957ac6c93dc68d96bc8fb2ca44361448f8,"Move Class"
632,386246447dabc3306455f3b8e424f6ad4fb8ea75,"Change Variable Type"
633,386246447dabc3306455f3b8e424f6ad4fb8ea75,"Rename Parameter"
634,395b55981ad57a01aa52fc31944b9d61430d62ad,"Change Return Type"
635,395b55981ad57a01aa52fc31944b9d61430d62ad,"Rename Parameter"
636,3a8252a1911015e66fa90e3d885d472bfa838744,"Change Attribute Type"
637,3a8252a1911015e66fa90e3d885d472bfa838744,"Change Parameter Type"
638,3a8252a1911015e66fa90e3d885d472bfa838744,"Change Return Type"
639,3a8252a1911015e66fa90e3d885d472bfa838744,"Change Variable Type"
640,3a8252a1911015e66fa90e3d885d472bfa838744,"Move Class"
641,3a8252a1911015e66fa90e3d885d472bfa838744,"Rename Attribute"
642,3a8252a1911015e66fa90e3d885d472bfa838744,"Rename Parameter"
643,3a8252a1911015e66fa90e3d885d472bfa838744,"Rename Variable"
644,3a8c3dcfb2df3f77b3875c450dbf8e97478aac42,"Rename Variable"
645,3aedc65444ceb93b679f0507e72168c573dacc1f,"Change Return Type"
646,3b617790e6e82f75bafb5600311952ba994c32e5,"Change Attribute Type"
647,3b617790e6e82f75bafb5600311952ba994c32e5,"Change Parameter Type"
648,3b617790e6e82f75bafb5600311952ba994c32e5,"Rename Attribute"
649,3b617790e6e82f75bafb5600311952ba994c32e5,"Rename Method"
650,3b617790e6e82f75bafb5600311952ba994c32e5,"Rename Parameter"
651,3c380583769fac831d3ad462ca4f433c27427a6e,"Change Attribute Type"
652,3c380583769fac831d3ad462ca4f433c27427a6e,"Change Parameter Type"
653,3c380583769fac831d3ad462ca4f433c27427a6e,"Change Return Type"
654,3c380583769fac831d3ad462ca4f433c27427a6e,"Change Variable Type"
655,3c380583769fac831d3ad462ca4f433c27427a6e,"Rename Class"
656,3c380583769fac831d3ad462ca4f433c27427a6e,"Rename Method"
657,3c380583769fac831d3ad462ca4f433c27427a6e,"Rename Parameter"
658,3c380583769fac831d3ad462ca4f433c27427a6e,"Rename Variable"
659,3ca627951fc6e95f5f6ccc19f7aabd7af2236609,"Change Attribute Type"
660,3ca627951fc6e95f5f6ccc19f7aabd7af2236609,"Change Variable Type"
661,3ca627951fc6e95f5f6ccc19f7aabd7af2236609,"Rename Attribute"
662,3ca627951fc6e95f5f6ccc19f7aabd7af2236609,"Rename Class"
663,3ca627951fc6e95f5f6ccc19f7aabd7af2236609,"Rename Parameter"
664,3ca8f63aa3296d54935401e267006702b597a180,"Change Variable Type"
665,3ca8f63aa3296d54935401e267006702b597a180,"Rename Variable"
666,3ce792a05180d5105aab4905c1374edb2c32c6a4,"Change Attribute Type"
667,3ce792a05180d5105aab4905c1374edb2c32c6a4,"Rename Class"
668,3ce792a05180d5105aab4905c1374edb2c32c6a4,"Rename Method"
669,3ce792a05180d5105aab4905c1374edb2c32c6a4,"Rename Parameter"
670,3d101873dd8a0a6a2e7deab4f702584f50adca16,"Rename Attribute"
671,3d101873dd8a0a6a2e7deab4f702584f50adca16,"Rename Method"
672,3d101873dd8a0a6a2e7deab4f702584f50adca16,"Rename Parameter"
673,3d101873dd8a0a6a2e7deab4f702584f50adca16,"Rename Variable"
674,3d8191d2e824d827057c61487cb83062e5ba411e,"Change Return Type"
675,3d8191d2e824d827057c61487cb83062e5ba411e,"Move Class"
676,3e1a787f263130b97cf6427d6dc303af94c505a5,"Rename Attribute"
677,3e405a867775915e33578192e82f90fa7a17b7bc,"Change Attribute Type"
678,3e405a867775915e33578192e82f90fa7a17b7bc,"Change Parameter Type"
679,3e405a867775915e33578192e82f90fa7a17b7bc,"Change Return Type"
680,3e405a867775915e33578192e82f90fa7a17b7bc,"Change Variable Type"
681,3e405a867775915e33578192e82f90fa7a17b7bc,"Move Class"
682,3e405a867775915e33578192e82f90fa7a17b7bc,"Rename Attribute"
683,3e405a867775915e33578192e82f90fa7a17b7bc,"Rename Class"
684,3e405a867775915e33578192e82f90fa7a17b7bc,"Rename Method"
685,3e405a867775915e33578192e82f90fa7a17b7bc,"Rename Parameter"
686,3e405a867775915e33578192e82f90fa7a17b7bc,"Rename Variable"
687,3e52bf6b2781857912c7f3140048be31fb76423a,"Change Attribute Type"
688,3e52bf6b2781857912c7f3140048be31fb76423a,"Change Parameter Type"
689,3e52bf6b2781857912c7f3140048be31fb76423a,"Change Return Type"
690,3e52bf6b2781857912c7f3140048be31fb76423a,"Change Variable Type"
691,3e52bf6b2781857912c7f3140048be31fb76423a,"Rename Attribute"
692,3e52bf6b2781857912c7f3140048be31fb76423a,"Rename Method"
693,3e52bf6b2781857912c7f3140048be31fb76423a,"Rename Variable"
694,3eb6083b8e21f38ffea01d053ff1a9455838a3b5,"Change Attribute Type"
695,3eb6083b8e21f38ffea01d053ff1a9455838a3b5,"Change Parameter Type"
696,3eb6083b8e21f38ffea01d053ff1a9455838a3b5,"Change Variable Type"
697,3eb6083b8e21f38ffea01d053ff1a9455838a3b5,"Rename Attribute"
698,3eb6083b8e21f38ffea01d053ff1a9455838a3b5,"Rename Class"
699,3eb6083b8e21f38ffea01d053ff1a9455838a3b5,"Rename Method"
700,3eb6083b8e21f38ffea01d053ff1a9455838a3b5,"Rename Parameter"
701,3eb6083b8e21f38ffea01d053ff1a9455838a3b5,"Rename Variable"
702,3f57ad05c73d725fa12f7601bcd5402d8f89a580,"Change Attribute Type"
703,3f57ad05c73d725fa12f7601bcd5402d8f89a580,"Change Parameter Type"
704,3f57ad05c73d725fa12f7601bcd5402d8f89a580,"Change Return Type"
705,3f57ad05c73d725fa12f7601bcd5402d8f89a580,"Change Variable Type"
706,3f57ad05c73d725fa12f7601bcd5402d8f89a580,"Move Class"
707,3f57ad05c73d725fa12f7601bcd5402d8f89a580,"Rename Attribute"
708,3f57ad05c73d725fa12f7601bcd5402d8f89a580,"Rename Parameter"
709,3f57ad05c73d725fa12f7601bcd5402d8f89a580,"Rename Variable"
710,3fb502e53d3eadca63b91bd36ca1ee867f137419,"Rename Attribute"
711,3fbb50bcb842ad5635fa64bc6d2cff9226d59dd8,"Rename Attribute"
712,3fbb50bcb842ad5635fa64bc6d2cff9226d59dd8,"Rename Method"
713,3fbb50bcb842ad5635fa64bc6d2cff9226d59dd8,"Rename Variable"
714,400537471dd25554305e2de237f195828a3e05f1,"Change Parameter Type"
715,400537471dd25554305e2de237f195828a3e05f1,"Rename Parameter"
716,40a294204050c268cc2d4ee434051f0df65031cc,"Rename Method"
717,40a294204050c268cc2d4ee434051f0df65031cc,"Rename Variable"
718,40a5f2e4bc0f983d94fb8a0eb2bc5c59cc40b97d,"Rename Variable"
719,40cc0fb1d3a495eab2d93e68ffd730b705214792,"Change Attribute Type"
720,40cc0fb1d3a495eab2d93e68ffd730b705214792,"Move Class"
721,40cc0fb1d3a495eab2d93e68ffd730b705214792,"Rename Attribute"
722,40ff84bda3c019d4858173f5f77dc8c9d584df99,"Change Variable Type"
723,40ff84bda3c019d4858173f5f77dc8c9d584df99,"Rename Variable"
724,411330641153463889c4f8ce295140ee140380bb,"Change Return Type"
725,411330641153463889c4f8ce295140ee140380bb,"Change Variable Type"
726,411330641153463889c4f8ce295140ee140380bb,"Rename Attribute"
727,411330641153463889c4f8ce295140ee140380bb,"Rename Class"
728,411330641153463889c4f8ce295140ee140380bb,"Rename Method"
729,411330641153463889c4f8ce295140ee140380bb,"Rename Parameter"
730,411330641153463889c4f8ce295140ee140380bb,"Rename Variable"
731,41197e4a0e5a1015fdad90e588aaccd0fa053bcf,"Change Variable Type"
732,41197e4a0e5a1015fdad90e588aaccd0fa053bcf,"Rename Parameter"
733,41197e4a0e5a1015fdad90e588aaccd0fa053bcf,"Rename Variable"
734,41d16a286ec8390ccddd75e0347b645450ffe1e8,"Rename Variable"
735,41e95972914506ac853fb572a4b307af6ea377c4,"Rename Attribute"
736,4217d2d33d1d0a485324533c9e65bfea3f5ef218,"Change Variable Type"
737,4217d2d33d1d0a485324533c9e65bfea3f5ef218,"Rename Variable"
738,42cd03f2cc4ecab91fc6dd6cb1dbca865360fc58,"Change Attribute Type"
739,42cd03f2cc4ecab91fc6dd6cb1dbca865360fc58,"Change Parameter Type"
740,42cd03f2cc4ecab91fc6dd6cb1dbca865360fc58,"Change Return Type"
741,42cd03f2cc4ecab91fc6dd6cb1dbca865360fc58,"Change Variable Type"
742,42cd03f2cc4ecab91fc6dd6cb1dbca865360fc58,"Move Class"
743,42cd03f2cc4ecab91fc6dd6cb1dbca865360fc58,"Rename Method"
744,42cd03f2cc4ecab91fc6dd6cb1dbca865360fc58,"Rename Variable"
745,42fc221d9341007b40d4b58732d9c63db2cd4c4f,"Change Parameter Type"
746,42fc221d9341007b40d4b58732d9c63db2cd4c4f,"Change Variable Type"
747,42fc221d9341007b40d4b58732d9c63db2cd4c4f,"Rename Attribute"
748,42fc221d9341007b40d4b58732d9c63db2cd4c4f,"Rename Class"
749,42fc221d9341007b40d4b58732d9c63db2cd4c4f,"Rename Variable"
750,43522bf2e954d2427a1700ee1a73eec9c94014cd,"Change Attribute Type"
751,43522bf2e954d2427a1700ee1a73eec9c94014cd,"Change Parameter Type"
752,43522bf2e954d2427a1700ee1a73eec9c94014cd,"Change Return Type"
753,43522bf2e954d2427a1700ee1a73eec9c94014cd,"Move Class"
754,43522bf2e954d2427a1700ee1a73eec9c94014cd,"Rename Method"
755,4393258ba86e8c7cba2c0b5ff4d6b5825b816a0b,"Rename Parameter"
756,43e7daa28b1db13dad0dac3a17185fa6becd6cdf,"Rename Variable"
757,443d3fcf0f735408192ab4cd6e35041587894361,"Change Return Type"
758,444a413bd9a5510ff8db12ba46de42b51c945601,"Change Attribute Type"
759,44d834b663b87ab55e77e3aad4f05593d2260aef,"Change Return Type"
760,451d8fe72b02374578914517e3e226856180e6fe,"Change Attribute Type"
761,451d8fe72b02374578914517e3e226856180e6fe,"Change Parameter Type"
762,451d8fe72b02374578914517e3e226856180e6fe,"Change Return Type"
763,451d8fe72b02374578914517e3e226856180e6fe,"Change Variable Type"
764,451d8fe72b02374578914517e3e226856180e6fe,"Rename Attribute"
765,451d8fe72b02374578914517e3e226856180e6fe,"Rename Method"
766,451d8fe72b02374578914517e3e226856180e6fe,"Rename Variable"
767,452e38a0d7eef7c94e064f6a27a6895f64e2508d,"Change Return Type"
768,452e38a0d7eef7c94e064f6a27a6895f64e2508d,"Move Class"
769,459f859af42ebb0cf868a55ffab2c418f5bd51d2,"Change Attribute Type"
770,459f859af42ebb0cf868a55ffab2c418f5bd51d2,"Change Parameter Type"
771,459f859af42ebb0cf868a55ffab2c418f5bd51d2,"Change Return Type"
772,459f859af42ebb0cf868a55ffab2c418f5bd51d2,"Change Variable Type"
773,459f859af42ebb0cf868a55ffab2c418f5bd51d2,"Rename Class"
774,459f859af42ebb0cf868a55ffab2c418f5bd51d2,"Rename Parameter"
775,45bdc0ee5bcdbb027b32f90c5c53a84e3eb06e87,"Change Attribute Type"
776,45bdc0ee5bcdbb027b32f90c5c53a84e3eb06e87,"Change Parameter Type"
777,45bdc0ee5bcdbb027b32f90c5c53a84e3eb06e87,"Change Return Type"
778,45bdc0ee5bcdbb027b32f90c5c53a84e3eb06e87,"Change Variable Type"
779,45bdc0ee5bcdbb027b32f90c5c53a84e3eb06e87,"Rename Attribute"
780,45bdc0ee5bcdbb027b32f90c5c53a84e3eb06e87,"Rename Class"
781,45bdc0ee5bcdbb027b32f90c5c53a84e3eb06e87,"Rename Method"
782,45bdc0ee5bcdbb027b32f90c5c53a84e3eb06e87,"Rename Parameter"
783,45bdc0ee5bcdbb027b32f90c5c53a84e3eb06e87,"Rename Variable"
784,462e82715535a06955774bbbef773af5f607ec40,"Change Return Type"
785,462e82715535a06955774bbbef773af5f607ec40,"Change Variable Type"
786,462e82715535a06955774bbbef773af5f607ec40,"Rename Class"
787,462e82715535a06955774bbbef773af5f607ec40,"Rename Method"
788,462e82715535a06955774bbbef773af5f607ec40,"Rename Parameter"
789,462e82715535a06955774bbbef773af5f607ec40,"Rename Variable"
790,463be94d392aca3c9b3786f1432ddb8820056d72,"Change Attribute Type"
791,463be94d392aca3c9b3786f1432ddb8820056d72,"Rename Attribute"
792,46816d670a53bb5685cfd0ee419efcbd4187b508,"Change Return Type"
793,46816d670a53bb5685cfd0ee419efcbd4187b508,"Change Variable Type"
794,46816d670a53bb5685cfd0ee419efcbd4187b508,"Move Class"
795,46816d670a53bb5685cfd0ee419efcbd4187b508,"Rename Method"
796,46816d670a53bb5685cfd0ee419efcbd4187b508,"Rename Parameter"
797,46816d670a53bb5685cfd0ee419efcbd4187b508,"Rename Variable"
798,469d4dc09de144946859cf900d5fec830234850f,"Change Variable Type"
799,469d4dc09de144946859cf900d5fec830234850f,"Rename Method"
800,469d4dc09de144946859cf900d5fec830234850f,"Rename Variable"
801,46a4b0cec0a9fbf1c81bd4161c437f4f9c10b6f1,"Change Attribute Type"
802,46a4b0cec0a9fbf1c81bd4161c437f4f9c10b6f1,"Rename Attribute"
803,46ac6d7dad7701ceb5bcf7763ed0c935c10fdf92,"Rename Class"
804,46c4b5ef047f42363944d1416d20f5d156ebb738,"Change Return Type"
805,46c4b5ef047f42363944d1416d20f5d156ebb738,"Rename Method"
806,46de7c20e7deda13df24c76276bfa4ea79a368f2,"Change Attribute Type"
807,46de7c20e7deda13df24c76276bfa4ea79a368f2,"Change Parameter Type"
808,46de7c20e7deda13df24c76276bfa4ea79a368f2,"Change Return Type"
809,46de7c20e7deda13df24c76276bfa4ea79a368f2,"Change Variable Type"
810,471b3a32fb3567eb963c4fa4ffd9957440b64c7c,"Change Attribute Type"
811,471b3a32fb3567eb963c4fa4ffd9957440b64c7c,"Change Parameter Type"
812,471b3a32fb3567eb963c4fa4ffd9957440b64c7c,"Change Return Type"
813,471b3a32fb3567eb963c4fa4ffd9957440b64c7c,"Change Variable Type"
814,471b3a32fb3567eb963c4fa4ffd9957440b64c7c,"Rename Attribute"
815,471b3a32fb3567eb963c4fa4ffd9957440b64c7c,"Rename Parameter"
816,471b3a32fb3567eb963c4fa4ffd9957440b64c7c,"Rename Variable"
817,471c31e16d6a432849a54dcdf215fbac53a087ab,"Change Parameter Type"
818,471c31e16d6a432849a54dcdf215fbac53a087ab,"Rename Method"
819,471d4b4bb414b7d810e5abd4a0bd6e308f61467f,"Change Parameter Type"
820,471d4b4bb414b7d810e5abd4a0bd6e308f61467f,"Change Return Type"
821,471d4b4bb414b7d810e5abd4a0bd6e308f61467f,"Change Variable Type"
822,471d4b4bb414b7d810e5abd4a0bd6e308f61467f,"Rename Class"
823,471d4b4bb414b7d810e5abd4a0bd6e308f61467f,"Rename Parameter"
824,471d4b4bb414b7d810e5abd4a0bd6e308f61467f,"Rename Variable"
825,47cddb402d6e31de2da11d7cb5ba830ae90a616d,"Rename Method"
826,480feab7fb9c5f71f5a245a6b1116ee712df28ef,"Change Attribute Type"
827,480feab7fb9c5f71f5a245a6b1116ee712df28ef,"Change Parameter Type"
828,480feab7fb9c5f71f5a245a6b1116ee712df28ef,"Change Return Type"
829,480feab7fb9c5f71f5a245a6b1116ee712df28ef,"Change Variable Type"
830,480feab7fb9c5f71f5a245a6b1116ee712df28ef,"Rename Attribute"
831,480feab7fb9c5f71f5a245a6b1116ee712df28ef,"Rename Class"
832,480feab7fb9c5f71f5a245a6b1116ee712df28ef,"Rename Method"
833,480feab7fb9c5f71f5a245a6b1116ee712df28ef,"Rename Parameter"
834,480feab7fb9c5f71f5a245a6b1116ee712df28ef,"Rename Variable"
835,4890e9ef27ec5abdc71cab8c5d13c5ebefbbfda1,"Change Parameter Type"
836,48c12a97b033b15594b524e12fe91bcaa394bb36,"Change Attribute Type"
837,48c12a97b033b15594b524e12fe91bcaa394bb36,"Rename Attribute"
838,490333c653cac8872f9d51842db7e121662318b2,"Change Return Type"
839,490333c653cac8872f9d51842db7e121662318b2,"Rename Method"
840,4927110084be83597ecb04b45e0655a8de72bffa,"Change Attribute Type"
841,4929630e828b8b2c8ea1a350c59c7e8d4864efc9,"Change Attribute Type"
842,4929630e828b8b2c8ea1a350c59c7e8d4864efc9,"Change Parameter Type"
843,4929630e828b8b2c8ea1a350c59c7e8d4864efc9,"Change Return Type"
844,4929630e828b8b2c8ea1a350c59c7e8d4864efc9,"Rename Method"
845,4929630e828b8b2c8ea1a350c59c7e8d4864efc9,"Rename Parameter"
846,4951dfe7b16b9cc63b2dbe99faca47bf7475f7a2,"Change Parameter Type"
847,4951dfe7b16b9cc63b2dbe99faca47bf7475f7a2,"Rename Class"
848,4951dfe7b16b9cc63b2dbe99faca47bf7475f7a2,"Rename Method"
849,4962f059c5487648860379d796b857d35b28a958,"Move Class"
850,4962f059c5487648860379d796b857d35b28a958,"Rename Variable"
851,497b9a63f296bfecb14249b9cd390c0e3b3bfc80,"Change Variable Type"
852,497b9a63f296bfecb14249b9cd390c0e3b3bfc80,"Rename Parameter"
853,497b9a63f296bfecb14249b9cd390c0e3b3bfc80,"Rename Variable"
854,499688c415fe3c8277ce629bc51aecb3d5943b8e,"Move Class"
855,499688c415fe3c8277ce629bc51aecb3d5943b8e,"Rename Method"
856,499688c415fe3c8277ce629bc51aecb3d5943b8e,"Rename Variable"
857,49aa8f88a421e4f50caa1a0638ef9ae964155009,"Change Attribute Type"
858,49aa8f88a421e4f50caa1a0638ef9ae964155009,"Change Parameter Type"
859,49aa8f88a421e4f50caa1a0638ef9ae964155009,"Change Return Type"
860,49aa8f88a421e4f50caa1a0638ef9ae964155009,"Change Variable Type"
861,49aa8f88a421e4f50caa1a0638ef9ae964155009,"Rename Method"
862,49aa8f88a421e4f50caa1a0638ef9ae964155009,"Rename Parameter"
863,49bffcaf9fb20f28206720d9462a0ef5d5ad259a,"Move Class"
864,49d0fb39446408686654104fcf34901fb830796a,"Change Variable Type"
865,49d0fb39446408686654104fcf34901fb830796a,"Rename Parameter"
866,49d0fb39446408686654104fcf34901fb830796a,"Rename Variable"
867,4a3bbd79ed60beb585c1363e500e17b6d954b991,"Change Variable Type"
868,4a3bbd79ed60beb585c1363e500e17b6d954b991,"Rename Attribute"
869,4a3bbd79ed60beb585c1363e500e17b6d954b991,"Rename Parameter"
870,4a6172c03796ffa24d50e176ac449c28e834807d,"Change Parameter Type"
871,4a6172c03796ffa24d50e176ac449c28e834807d,"Change Return Type"
872,4a6172c03796ffa24d50e176ac449c28e834807d,"Rename Method"
873,4a6172c03796ffa24d50e176ac449c28e834807d,"Rename Variable"
874,4aba1964389d102a512471e3b47fabc50d6a16c4,"Change Attribute Type"
875,4aba1964389d102a512471e3b47fabc50d6a16c4,"Change Parameter Type"
876,4aba1964389d102a512471e3b47fabc50d6a16c4,"Change Return Type"
877,4adb61d12fdb7d43633acb39e1b11c5e43b36dfb,"Change Parameter Type"
878,4addd6d4bb74a333c97b8104151fefec5afdaeb4,"Change Attribute Type"
879,4addd6d4bb74a333c97b8104151fefec5afdaeb4,"Change Parameter Type"
880,4addd6d4bb74a333c97b8104151fefec5afdaeb4,"Change Return Type"
881,4addd6d4bb74a333c97b8104151fefec5afdaeb4,"Move Class"
882,4ae0ec95eda25a56e0587f09e5469a0b4bc5befe,"Change Variable Type"
883,4ae161a3fa5d471e898371cc1f6ff1f4f7ce2555,"Change Attribute Type"
884,4ae161a3fa5d471e898371cc1f6ff1f4f7ce2555,"Change Parameter Type"
885,4ae161a3fa5d471e898371cc1f6ff1f4f7ce2555,"Change Return Type"
886,4ae161a3fa5d471e898371cc1f6ff1f4f7ce2555,"Change Variable Type"
887,4ae161a3fa5d471e898371cc1f6ff1f4f7ce2555,"Rename Attribute"
888,4ae161a3fa5d471e898371cc1f6ff1f4f7ce2555,"Rename Method"
889,4ae161a3fa5d471e898371cc1f6ff1f4f7ce2555,"Rename Parameter"
890,4ae161a3fa5d471e898371cc1f6ff1f4f7ce2555,"Rename Variable"
891,4afcf11921d1b29714b45a4817e59cba8d9559be,"Move Class"
892,4b8cb90b3ff257e0c19d65f972b1bcbec6d42de1,"Change Variable Type"
893,4b8cb90b3ff257e0c19d65f972b1bcbec6d42de1,"Rename Variable"
894,4bad921af4ca15e5fb7a759a1f85e00cafea41ed,"Change Return Type"
895,4bb37593714fa2c0eb7bd305b3b828837b8870b8,"Change Variable Type"
896,4bb37593714fa2c0eb7bd305b3b828837b8870b8,"Rename Method"
897,4bb37593714fa2c0eb7bd305b3b828837b8870b8,"Rename Parameter"
898,4bb37593714fa2c0eb7bd305b3b828837b8870b8,"Rename Variable"
899,4d445543c46e20bdd45682fa146d2a689d01f6ea,"Change Variable Type"
900,4d445543c46e20bdd45682fa146d2a689d01f6ea,"Rename Attribute"
901,4da81eb36d9a60eec673d50f98639274151ae963,"Change Attribute Type"
902,4da81eb36d9a60eec673d50f98639274151ae963,"Change Parameter Type"
903,4da81eb36d9a60eec673d50f98639274151ae963,"Change Return Type"
904,4da81eb36d9a60eec673d50f98639274151ae963,"Change Variable Type"
905,4da81eb36d9a60eec673d50f98639274151ae963,"Move Class"
906,4da81eb36d9a60eec673d50f98639274151ae963,"Rename Attribute"
907,4da81eb36d9a60eec673d50f98639274151ae963,"Rename Method"
908,4da81eb36d9a60eec673d50f98639274151ae963,"Rename Parameter"
909,4da81eb36d9a60eec673d50f98639274151ae963,"Rename Variable"
910,4e100a5d18d19b1bb26a9dff6d93094684777dd8,"Change Parameter Type"
911,4e100a5d18d19b1bb26a9dff6d93094684777dd8,"Change Return Type"
912,4e100a5d18d19b1bb26a9dff6d93094684777dd8,"Change Variable Type"
913,4e100a5d18d19b1bb26a9dff6d93094684777dd8,"Move Class"
914,4e100a5d18d19b1bb26a9dff6d93094684777dd8,"Rename Method"
915,4e100a5d18d19b1bb26a9dff6d93094684777dd8,"Rename Parameter"
916,4e100a5d18d19b1bb26a9dff6d93094684777dd8,"Rename Variable"
917,4e45de9075eeb015245ff09f8f8c58cf0f98bbf3,"Change Attribute Type"
918,4e45de9075eeb015245ff09f8f8c58cf0f98bbf3,"Rename Attribute"
919,4e45de9075eeb015245ff09f8f8c58cf0f98bbf3,"Rename Parameter"
920,4ee4f5983ec28f4c4cab38c1ce56c1adead277f0,"Change Parameter Type"
921,4eec4cdd51f6b683b767c592052dff29e714d469,"Rename Method"
922,4f82922d3e29540a2e8a23b1f967335cc8e0a6f8,"Change Parameter Type"
923,4f82922d3e29540a2e8a23b1f967335cc8e0a6f8,"Change Return Type"
924,4f82922d3e29540a2e8a23b1f967335cc8e0a6f8,"Change Variable Type"
925,4f82922d3e29540a2e8a23b1f967335cc8e0a6f8,"Move Class"
926,4f82922d3e29540a2e8a23b1f967335cc8e0a6f8,"Rename Method"
927,4f82922d3e29540a2e8a23b1f967335cc8e0a6f8,"Rename Parameter"
928,4f82922d3e29540a2e8a23b1f967335cc8e0a6f8,"Rename Variable"
929,4fa15d287da9b5525aa42dfbedfb015e75b68ca2,"Change Attribute Type"
930,4fa15d287da9b5525aa42dfbedfb015e75b68ca2,"Change Parameter Type"
931,4fa15d287da9b5525aa42dfbedfb015e75b68ca2,"Change Return Type"
932,4fa15d287da9b5525aa42dfbedfb015e75b68ca2,"Change Variable Type"
933,4fa15d287da9b5525aa42dfbedfb015e75b68ca2,"Move Class"
934,4fa15d287da9b5525aa42dfbedfb015e75b68ca2,"Rename Class"
935,4fa15d287da9b5525aa42dfbedfb015e75b68ca2,"Rename Method"
936,4fa15d287da9b5525aa42dfbedfb015e75b68ca2,"Rename Parameter"
937,4fa15d287da9b5525aa42dfbedfb015e75b68ca2,"Rename Variable"
938,4fd352349eb4b1ed62abe48066794932d26de9f9,"Rename Attribute"
939,4fd352349eb4b1ed62abe48066794932d26de9f9,"Rename Parameter"
940,4fd352349eb4b1ed62abe48066794932d26de9f9,"Rename Variable"
941,4ff31a332c10f9a915ba6e73cdae1957c6ca9e2d,"Change Attribute Type"
942,4ff31a332c10f9a915ba6e73cdae1957c6ca9e2d,"Change Parameter Type"
943,4ff31a332c10f9a915ba6e73cdae1957c6ca9e2d,"Change Return Type"
944,4ff31a332c10f9a915ba6e73cdae1957c6ca9e2d,"Change Variable Type"
945,4ff31a332c10f9a915ba6e73cdae1957c6ca9e2d,"Rename Attribute"
946,4ff31a332c10f9a915ba6e73cdae1957c6ca9e2d,"Rename Method"
947,4ff31a332c10f9a915ba6e73cdae1957c6ca9e2d,"Rename Parameter"
948,4ff31a332c10f9a915ba6e73cdae1957c6ca9e2d,"Rename Variable"
949,503fda9500764f336233eba3d31386c2855e1ebc,"Change Parameter Type"
950,503fda9500764f336233eba3d31386c2855e1ebc,"Change Return Type"
951,503fda9500764f336233eba3d31386c2855e1ebc,"Rename Class"
952,503fda9500764f336233eba3d31386c2855e1ebc,"Rename Method"
953,503fda9500764f336233eba3d31386c2855e1ebc,"Rename Parameter"
954,503fda9500764f336233eba3d31386c2855e1ebc,"Rename Variable"
955,505dd283e6fa2e96cf4806e24869472b4ec0ec99,"Change Attribute Type"
956,505dd283e6fa2e96cf4806e24869472b4ec0ec99,"Change Parameter Type"
957,505dd283e6fa2e96cf4806e24869472b4ec0ec99,"Change Return Type"
958,505dd283e6fa2e96cf4806e24869472b4ec0ec99,"Change Variable Type"
959,505dd283e6fa2e96cf4806e24869472b4ec0ec99,"Move Class"
960,505dd283e6fa2e96cf4806e24869472b4ec0ec99,"Rename Class"
961,505dd283e6fa2e96cf4806e24869472b4ec0ec99,"Rename Method"
962,505dd283e6fa2e96cf4806e24869472b4ec0ec99,"Rename Parameter"
963,505dd283e6fa2e96cf4806e24869472b4ec0ec99,"Rename Variable"
964,50890e54ed4177bfd24e8e8926254e1092cd7d22,"Rename Class"
965,50f5813b28da4d7bea691039dfbe24819906eba6,"Rename Method"
966,510c4261e31aedf53b839b29034d0aecbecce71a,"Change Attribute Type"
967,510c4261e31aedf53b839b29034d0aecbecce71a,"Change Parameter Type"
968,510c4261e31aedf53b839b29034d0aecbecce71a,"Change Return Type"
969,510c4261e31aedf53b839b29034d0aecbecce71a,"Change Variable Type"
970,510c4261e31aedf53b839b29034d0aecbecce71a,"Rename Class"
971,510c4261e31aedf53b839b29034d0aecbecce71a,"Rename Method"
972,510c4261e31aedf53b839b29034d0aecbecce71a,"Rename Parameter"
973,51764e5e642404f09d9e9fb8c7d7047412073a0a,"Rename Attribute"
974,517ca8de6ae425e4189eccd1cad2a9f0efa84945,"Change Return Type"
975,517ca8de6ae425e4189eccd1cad2a9f0efa84945,"Change Variable Type"
976,517ca8de6ae425e4189eccd1cad2a9f0efa84945,"Rename Class"
977,517ca8de6ae425e4189eccd1cad2a9f0efa84945,"Rename Method"
978,517ca8de6ae425e4189eccd1cad2a9f0efa84945,"Rename Parameter"
979,526dcaa4d601728c393bc15272371c2d6f638726,"Change Attribute Type"
980,526dcaa4d601728c393bc15272371c2d6f638726,"Change Parameter Type"
981,526dcaa4d601728c393bc15272371c2d6f638726,"Change Variable Type"
982,526dcaa4d601728c393bc15272371c2d6f638726,"Move Class"
983,526dcaa4d601728c393bc15272371c2d6f638726,"Rename Attribute"
984,526dcaa4d601728c393bc15272371c2d6f638726,"Rename Class"
985,526dcaa4d601728c393bc15272371c2d6f638726,"Rename Method"
986,526dcaa4d601728c393bc15272371c2d6f638726,"Rename Parameter"
987,5295676da4a71083e05179918d7937bef1bd89ab,"Change Attribute Type"
988,5295676da4a71083e05179918d7937bef1bd89ab,"Change Parameter Type"
989,5295676da4a71083e05179918d7937bef1bd89ab,"Change Return Type"
990,5295676da4a71083e05179918d7937bef1bd89ab,"Change Variable Type"
991,5295676da4a71083e05179918d7937bef1bd89ab,"Rename Attribute"
992,5295676da4a71083e05179918d7937bef1bd89ab,"Rename Class"
993,5295676da4a71083e05179918d7937bef1bd89ab,"Rename Method"
994,5295676da4a71083e05179918d7937bef1bd89ab,"Rename Parameter"
995,5295676da4a71083e05179918d7937bef1bd89ab,"Rename Variable"
996,52b9da630a4c451afc519e7ed8650c8ee22e1f49,"Change Parameter Type"
997,52b9da630a4c451afc519e7ed8650c8ee22e1f49,"Change Return Type"
998,52b9da630a4c451afc519e7ed8650c8ee22e1f49,"Rename Parameter"
999,53009a2112936f54ab20ae510ca436276fca121b,"Rename Method"
1000,53009a2112936f54ab20ae510ca436276fca121b,"Rename Variable"
